{
  "Link Color": {
    "Red Component": 0.41885295510292053,
    "Color Space": "sRGB",
    "Blue Component": 0.92212098836898804,
    "Alpha Component": 1,
    "Green Component": 0.84421330690383911
  },
  "Tags": [],
  "Ansi 12 Color": {
    "Red Component": 0.48235294222831726,
    "Color Space": "sRGB",
    "Blue Component": 0.9529411792755127,
    "Alpha Component": 1,
    "Green Component": 0.63529413938522339
  },
  "Ansi 5 Color": {
    "Red Component": 0.73333334922790527,
    "Color Space": "sRGB",
    "Blue Component": 0.9686274528503418,
    "Alpha Component": 1,
    "Green Component": 0.60392159223556519
  },
  "Use Non-ASCII Font": false,
  "Bold Color": {
    "Red Component": 1,
    "Color Space": "sRGB",
    "Blue Component": 0.39215686917304993,
    "Alpha Component": 1,
    "Green Component": 0.61960786581039429
  },
  "Set Local Environment Vars": 1,
  "Normal Font": "Monaco 12",
  "Cursor Color": {
    "Red Component": 0.75294119119644165,
    "Color Space": "sRGB",
    "Blue Component": 0.96078431606292725,
    "Alpha Component": 1,
    "Green Component": 0.7921568751335144
  },
  "Rows": 25,
  "Default Bookmark": "No",
  "Horizontal Spacing": 1,
  "Blend": 0.050000000000000003,
  "Ansi 0 Color": {
    "Red Component": 0.25490197539329529,
    "Color Space": "sRGB",
    "Blue Component": 0.40784314274787903,
    "Alpha Component": 1,
    "Green Component": 0.28235295414924622
  },
  "Cursor Guide Color": {
    "Red Component": 0.58885198831558228,
    "Color Space": "sRGB",
    "Blue Component": 0.99999994039535522,
    "Alpha Component": 0.0782470703125,
    "Green Component": 0.70213180780410767
  },
  "Non-ASCII Anti Aliased": true,
  "Use Bright Bold": true,
  "Show Mark Indicators": false,
  "Ansi 10 Color": {
    "Red Component": 0.25490197539329529,
    "Color Space": "sRGB",
    "Blue Component": 0.61072450876235962,
    "Alpha Component": 1,
    "Green Component": 0.70980393886566162
  },
  "Ambiguous Double Width": false,
  "Jobs to Ignore": ["rlogin", "ssh", "slogin", "telnet"],
  "Ansi 15 Color": {
    "Red Component": 0.75294119119644165,
    "Color Space": "sRGB",
    "Blue Component": 0.96078431606292725,
    "Alpha Component": 1,
    "Green Component": 0.7921568751335144
  },
  "Foreground Color": {
    "Red Component": 0.73333334922790527,
    "Color Space": "sRGB",
    "Blue Component": 0.87843137979507446,
    "Alpha Component": 1,
    "Green Component": 0.7607843279838562
  },
  "Working Directory": "/Users/oz",
  "Use Tab Color": false,
  "Blinking Cursor": false,
  "Space": 0,
  "Sync Title": false,
  "Prompt Before Closing 2": false,
  "BM Growl": true,
  "Command": "",
  "Description": "Default",
  "Smart Cursor Color": false,
  "Disable Window Resizing": true,
  "Screen": -1,
  "Selection Color": {
    "Red Component": 0.19607843458652496,
    "Color Space": "sRGB",
    "Blue Component": 0.3333333432674408,
    "Alpha Component": 1,
    "Green Component": 0.22352941334247589
  },
  "Mouse Reporting": true,
  "Columns": 80,
  "Idle Code": 0,
  "Background Image Mode": 3,
  "Ansi 13 Color": {
    "Red Component": 0.73333334922790527,
    "Color Space": "sRGB",
    "Blue Component": 0.9686274528503418,
    "Alpha Component": 1,
    "Green Component": 0.60392159223556519
  },
  "Custom Command": "No",
  "ASCII Anti Aliased": true,
  "Non Ascii Font": "Monaco 12",
  "Vertical Spacing": 1,
  "Use Bold Font": true,
  "Option Key Sends": 0,
  "Selected Text Color": {
    "Red Component": 0.78367346525192261,
    "Color Space": "sRGB",
    "Blue Component": 1,
    "Alpha Component": 1,
    "Green Component": 0.8244897723197937
  },
  "Background Color": {
    "Red Component": 0.1059383824467659,
    "Color Space": "sRGB",
    "Blue Component": 0.1906890869140625,
    "Alpha Component": 1,
    "Green Component": 0.12359477579593658
  },
  "Character Encoding": 4,
  "Ansi 11 Color": {
    "Red Component": 0.87843137979507446,
    "Color Space": "sRGB",
    "Blue Component": 0.40784314274787903,
    "Alpha Component": 1,
    "Green Component": 0.68627452850341797
  },
  "Use Italic Font": true,
  "Unlimited Scrollback": true,
  "Keyboard Map": {
    "0xf702-0x300000-0x7b": {
      "Version": 1,
      "Action": 11,
      "Text": "0x01",
      "Label": ""
    },
    "0x7f-0x80000-0x33": {
      "Version": 1,
      "Action": 11,
      "Text": "0x1B 0x08",
      "Label": ""
    },
    "0xf702-0x280000-0x7b": {
      "Version": 1,
      "Action": 11,
      "Text": "0x1b 0x62",
      "Label": ""
    },
    "0xf703-0x300000-0x7c": {
      "Version": 1,
      "Action": 11,
      "Text": "0x05",
      "Label": ""
    },
    "0x7a-0x100000-0x6": {
      "Version": 1,
      "Action": 11,
      "Text": "0x1f",
      "Label": ""
    },
    "0x5a-0x120000-0x6": {
      "Version": 1,
      "Action": 11,
      "Text": "0x18 0x1f",
      "Label": ""
    },
    "0xf703-0x280000-0x7c": {
      "Version": 1,
      "Action": 11,
      "Text": "0x1b 0x66",
      "Label": ""
    },
    "0x7f-0x100000-0x33": {
      "Version": 1,
      "Action": 11,
      "Text": "0x18 0x7f",
      "Label": ""
    }
  },
  "Window Type": 12,
  "Blur": false,
  "Badge Color": {
    "Red Component": 0.20784313976764679,
    "Color Space": "sRGB",
    "Blue Component": 0.65098041296005249,
    "Alpha Component": 0.5,
    "Green Component": 0.34509804844856262
  },
  "Scrollback Lines": 0,
  "Send Code When Idle": false,
  "Close Sessions On End": true,
  "Terminal Type": "xterm-256color",
  "Visual Bell": true,
  "Flashing Bell": false,
  "Place Prompt at First Column": true,
  "Silence Bell": false,
  "Ansi 14 Color": {
    "Red Component": 0.16650390625,
    "Color Space": "sRGB",
    "Blue Component": 0.8741455078125,
    "Alpha Component": 1,
    "Green Component": 0.77008056640625
  },
  "Name": "Default",
  "Cursor Text Color": {
    "Red Component": 0.15686275064945221,
    "Color Space": "sRGB",
    "Blue Component": 0.82352942228317261,
    "Alpha Component": 1,
    "Green Component": 0.72549021244049072
  },
  "Show Offscreen Command line": true,
  "Shortcut": "",
  "Tab Color": {
    "Red Component": 0.11764705882352941,
    "Color Space": "P3",
    "Blue Component": 0.20392156862745098,
    "Alpha Component": 1,
    "Green Component": 0.13333333333333333
  },
  "Transparency": 0.033098166793313052,
  "Guid": "2866EAB5-7E44-49F4-994B-94ABC39EA8A6",
  "Ansi 2 Color": {
    "Red Component": 0.25490197539329529,
    "Color Space": "sRGB",
    "Blue Component": 0.60784316062927246,
    "Alpha Component": 1,
    "Green Component": 0.70980393886566162
  },
  "Ansi 1 Color": {
    "Red Component": 0.9686274528503418,
    "Color Space": "sRGB",
    "Blue Component": 0.55686277151107788,
    "Alpha Component": 1,
    "Green Component": 0.46274510025978088
  },
  "Ansi 4 Color": {
    "Red Component": 0.48235294222831726,
    "Color Space": "sRGB",
    "Blue Component": 0.9529411792755127,
    "Alpha Component": 1,
    "Green Component": 0.63529413938522339
  },
  "Right Option Key Sends": 0,
  "Ansi 6 Color": {
    "Red Component": 0.1742582768201828,
    "Color Space": "sRGB",
    "Blue Component": 0.91485595703125,
    "Alpha Component": 1,
    "Green Component": 0.80594456195831299
  },
  "Ansi 7 Color": {
    "Red Component": 0.75294119119644165,
    "Color Space": "sRGB",
    "Blue Component": 0.96078431606292725,
    "Alpha Component": 1,
    "Green Component": 0.7921568751335144
  },
  "Ansi 8 Color": {
    "Red Component": 0.25490197539329529,
    "Color Space": "sRGB",
    "Blue Component": 0.40784314274787903,
    "Alpha Component": 1,
    "Green Component": 0.28235295414924622
  },
  "Ansi 9 Color": {
    "Red Component": 0.9686274528503418,
    "Color Space": "sRGB",
    "Blue Component": 0.55686277151107788,
    "Alpha Component": 1,
    "Green Component": 0.46274510025978088
  },
  "Custom Directory": "No",
  "Ansi 3 Color": {
    "Red Component": 0.87843137979507446,
    "Color Space": "sRGB",
    "Blue Component": 0.40784314274787903,